X,Z
0.0,0.0
-0.6601586374481346,-0.5708298341574745
-1.2645017426296263,-1.2156639623101217
-1.9319265724214736,-1.8021610123162972
-2.620990998024903,-2.357463915464268
-3.339232204788475,-2.9131362397390976
-3.9687148557282335,-3.5582300516585805
-4.566787396682786,-4.244656408310916
-5.22951026760829,-4.786826580521128
-5.872266466266067,-5.430877672839931
-6.526552056886855,-6.031883105676921
-7.162877556048504,-6.699074188320686
-7.846022746620679,-7.268058345215369
-8.440482418692895,-7.955682391031681
-9.114363467968971,-8.526960690044248
-9.766115431730189,-9.152373629326842
-10.482062076786303,-9.746445158997137
-11.049128141528529,-10.46508075664926
-11.713235546773177,-11.05064546074246
-12.343934958423716,-11.699292904307287
-13.032062432301162,-12.286181464624836
-13.671532496297552,-12.909542448996122
-14.365951169335634,-13.483817489600344
-15.031244875924381,-14.093830307321497
-15.782314939531675,-14.629148891086693
-16.447697045769374,-15.26500507866524
-17.098059023230537,-15.829550733189842
-17.789095174305082,-16.404397024248848
-18.311953024253054,-17.032162319633652
-18.978282924070843,-17.632876746588565
-19.633597780827365,-18.244223227521015
-20.272387270101568,-18.86167818010831
-20.89817998125894,-19.522199387233773
-20.793440055395326,-20.323297398773374
-21.402793288704505,-20.977199792625527
-22.01904631858141,-21.64909307404764
-22.632281955581593,-22.305627891734023
-23.11493579055044,-23.09680460533578
-23.391493366322354,-23.95009308715973
-23.90733993348511,-24.66410796288819
-24.4685238188985,-25.395196215519736
-25.117085212367893,-26.02995939243275
-25.66261590509722,-26.71321646382291
-26.303969529266627,-27.369928597930617
-26.939089974368336,-27.93652098849996
-27.552660048240835,-28.594912528342665
-28.05472610427775,-29.310662468753033
-28.68460763561077,-29.969211042691466
-29.271092848442446,-30.659673469594136
-29.895175048400418,-31.302235708170308
-30.47124442978038,-31.982869650015957
-30.478283579215475,-32.95735323741722
-31.12988221773942,-33.575132451947496
-31.64991130303412,-34.2925704572223
-32.23973639763326,-34.948416292115525
-32.80264221640847,-35.64533589510472
-33.35459431840736,-36.37249111686481
-33.91674745777514,-37.042336238927064
-34.47436475653991,-37.766449177329
-35.055423117248544,-38.4199331414045
-35.62675664524461,-39.12216853441544
-36.19952030589959,-39.82207726889745
-36.779018935580076,-40.541330864989895
-37.36624260209911,-41.25386072980022
-37.92779329340984,-41.96494030422264
-38.5113754158864,-42.655252602465055
-39.12384932819536,-43.33074777363914
-39.69518753434341,-44.03917674076001
-40.33132988030803,-44.684213206627376
-40.8660360241654,-45.43663463573686
-41.35754452980116,-46.23545187660071
-41.9451182432026,-46.94374075146958
-42.521922185852524,-47.65183876560075
-43.06133802738573,-48.39282041672201
-43.563297472162006,-49.14495234214242
-44.17414938843646,-49.78865214224236
-44.7118280952546,-50.588800024891285
-45.24146627296857,-51.31234515656339
-45.68315454009886,-52.00528120828708
-46.24260410710929,-52.730481529315924
-46.81288822024999,-53.44582993974883
-47.27458631811688,-54.27816071357313
-47.77968020932813,-55.01375058078419
-48.31871238799706,-55.75697528982274
-48.819418168797334,-56.52367819525687
-49.23981856735341,-57.2871373070925
-49.810707791429955,-57.997279358240554
-50.413903009847,-58.691035644434024
-51.032647717411514,-59.40290662450364
-51.665259013314746,-60.03432652776127
-52.26537798076998,-60.735916566391964
-52.81793479574189,-61.459179180443385
-53.3778285722312,-62.166394445321984
-53.92779643637008,-62.87254870497849
-54.495796585485834,-63.59078790200948
-55.096206891821986,-64.24819627871865
-55.74142815511597,-64.89255075979568
-56.36295746662853,-65.54052442652493
-57.022695887973555,-66.18555886201477
-57.67911766995248,-66.82165076733997
-58.222085267466746,-67.55124763393387
-58.80165324225738,-68.25182704339454
-59.31682631813116,-68.98157919206066
-59.95548889430891,-69.6371878088715
-60.69311405742508,-70.1899306398452
-61.4321032132912,-70.748013175222
-61.80138692000101,-71.5338069143058
-62.34040585110197,-72.2737280080536
-62.88769872461386,-72.98152973627933
-63.43782595569299,-73.65727933247322
-63.93214455012958,-74.40629568294824
-64.19611296577766,-75.10020577368999
-64.83778487223955,-75.75383342806549
-65.40033860735142,-76.42493222414124
-66.0529643164678,-77.0744467444743
-66.61928743254072,-77.78205986530055
-67.25198034851744,-78.4422686542305
-67.86909517527897,-79.11793092513348
-68.4878192695524,-79.79388917025636
-69.14914763234923,-80.46258210095411
-69.75151350987319,-81.1604090885431
-69.56406120116053,-81.83830083356881
-70.14818905013325,-82.53308161455274
-70.82368881886246,-83.19935588756768
-71.35030766871692,-83.92899357384978
-71.94147902889264,-84.61875725457303
-72.61574864804422,-85.27156370943688
-73.159365501643,-85.99856148204736
-73.77552091622374,-86.67279040544292
-74.24513585613091,-87.39610689243241
-74.71081341583852,-88.13659563449754
-75.22067812658972,-88.86702178991709
-75.93803567735506,-89.49963608722823
-76.6091570065446,-90.14402986183201
-76.9412603400148,-90.98092939450201
-77.54259419741716,-91.70188413772895
-78.16750385112049,-92.38598482114661
-78.75464900114284,-93.0923890663884
-79.16655153090332,-93.85693606604691
-79.70176219150137,-94.57057385212062
-80.28818799514593,-95.27354410105181
-80.78736145930884,-96.02749661387055
-81.3105554251453,-96.75088782163023
-81.87068619407773,-97.46581259009716
-82.42681216201144,-98.16539627081629
-82.94422896674726,-98.91305519261797
-83.48808132441518,-99.61247287727261
-83.98049734331958,-100.34829040596442
-84.39531711425576,-101.08119179095237
-84.91037685586278,-101.81413773571566
-85.50086990063767,-102.4969530460258
-86.12634332062073,-103.18134712436142
-86.57100299633848,-103.94630354885136
-87.01673062488607,-104.72566976969249
-87.60756905450145,-105.4031022958394
-88.20224575535467,-106.10086845906517
-88.77690862961282,-106.80303547263614
-89.35546274493208,-107.49504104358412
-89.86718159602454,-108.22810120666969
-90.39254592774132,-108.94419436015743
-90.84644896467769,-109.73204831190078
-91.47447827832589,-110.40928579295678
-91.99388092855207,-111.13778041909104
-92.49123125520437,-111.89780951474569
-92.94024936948686,-112.66157021794005
-93.58935375049599,-113.30038245851478
-94.11853550132383,-114.03372075745638
-94.79647241555668,-114.66448232380712
-95.37232411792192,-115.39391720137525
-94.90298360615787,-116.26465620368391
-95.41152681996925,-117.00106369778835
-95.79132361217097,-117.81929966709805
-95.00405345476378,-118.42365146842093
-95.48105183781068,-119.20504072227764
-95.80071432964418,-120.04249269525144
-96.15634978681427,-120.88015437264261
-96.62871071626722,-121.65719977357617
-97.1703220576987,-122.4075573405201
-97.57618668026534,-123.21234986859491
-98.05645540742931,-123.9933812188091
-98.4496824652831,-124.80202757480646
-98.77159087798208,-125.64202059232284
-99.18639773942583,-126.455817398488
-99.6559819393496,-127.24661952203991
-100.14788922983902,-128.03204579429803
-100.42908158743903,-128.87652052225005
-100.49772748892713,-129.7307920128506
-100.98661332826396,-130.5108480089943
-101.40785349543198,-131.31785103442198
-101.87906745078627,-132.10954772899595
-102.17036618945058,-132.9241735865075
-102.41563721368148,-133.73911156309072
-102.48847792499686,-134.59248977731013
-102.75510806227018,-135.4875001103967
-102.9566824291556,-136.3564381702403
-103.29530848503333,-137.196238950035
-103.44140653686115,-138.0370936452161
-102.87869877408501,-138.61826638585782
-103.15861015030136,-139.4530691066472
-103.06095626235127,-140.2263404369779
-103.42206529412388,-141.07149826436444
-103.00924325134478,-141.76189238914645
-103.29967056532014,-142.59164980165778
-103.47380066520674,-143.53372215062186
-103.2283512814256,-144.15757931529484
-103.46632858314739,-145.0256871159543
-102.87043390896184,-145.7103777897543
-103.01986862300745,-146.6066666668854
-103.21117131349584,-147.5283980287539
-103.44794778725787,-148.4428056747476
-103.6401331792261,-149.3877837483868
-103.92330424270787,-150.2671893047988
-104.19907703092758,-151.18645227603187
-104.40524860481435,-152.10592000143447
-104.56295927225226,-153.01715847892476
-104.66731858825914,-153.97228842082683
-104.86997068805029,-154.9096009292817
-105.11294005386262,-155.82459657581177
-104.65371164805873,-156.44678392158622
-104.86377286921487,-157.38535091942222
-105.07578384121861,-158.32062363876574
-105.32615687059946,-159.25382027406124
-105.48524910281238,-160.1940291841177
-105.6383214072075,-161.13589466283844
-105.94182530956527,-162.04939286792882
-106.09337086791719,-163.00844008838263
-106.23733160187716,-163.95650569690645
-106.4146486498234,-164.89799760923026
-106.55930788328912,-165.8369042630386
-106.71247587863763,-166.77235436917198
-106.8730452906455,-167.71126759707704
-107.0457348302926,-168.65042585330917
-107.14803276757229,-169.59823477296695
-107.28032364931269,-170.5453692356945
-107.4047147746415,-171.47993819913324
-107.55159223304761,-172.41958718445844
-107.67336374340728,-173.34538681678515
-107.87375976356148,-174.2557384069087
-108.04096909665529,-175.19171772207187
-108.17304688457934,-176.1128498971934
-108.32832045870917,-177.0422014805408
-108.47451770053858,-177.9658832662398
-108.64690074921934,-178.90211625239004
-108.83843745977589,-179.83185598238632
-109.00237782591749,-180.7709712194602
-109.14232174053787,-181.6919089643739
-109.27270551655401,-182.62511222587514
-109.46068354975468,-183.55669485245264
-109.617720735155,-184.48942960698076
-109.7648447730734,-185.4579340270331
-109.88224534540394,-186.37933549001346
-110.00202445413618,-187.32399773067442
-110.18098753372912,-188.25722914661768
-110.32701645135428,-189.1690418882022
-110.47642650264548,-190.09939052912492
-110.60910760118037,-191.0223550461035
-110.7035304626555,-191.94983729662817
-110.83793170758543,-192.87266632509662
-110.93007235990915,-193.82043268780487
-111.03247148096317,-194.76512001808837
-111.14626367908198,-195.6954695846916
-111.26142657189897,-196.64013986729245
-111.36889583872596,-197.5773395545937
-111.50038357856207,-198.5066401202321
-111.57827233783635,-199.45603894337316
-111.6827587522691,-200.39601111136363
-111.78966871629635,-201.3439871359771
-111.88374340340356,-202.2823185377855
-112.01971430337849,-203.2231516079932
-112.12901323505058,-204.15304087109868
-112.34830736364303,-205.0556454625425
-112.4536617520725,-205.9905659410371
-112.59080488351447,-206.90848728070983
-112.6625530358583,-207.8591480872842
-112.79643962572376,-208.8174792351123
-112.85090802251794,-209.77940415532842
-112.96485202270479,-210.73767566450442
-113.06131347182286,-211.66610511658894
-113.26595428750386,-212.54143749265856
-113.32676149625807,-213.4930521712052
-113.35517843073814,-214.47071578175402
-113.46834148953482,-215.36053603071386
-113.58865975781946,-216.3029940965659
-113.65575570688841,-217.20639996825645
-113.76687026772498,-218.12995852279332
-113.81419533733799,-219.07347459087657
-113.8874673925314,-220.03633304745532
-114.0075949341041,-220.97421573326267
-114.09118791893272,-221.93615802190632
-114.1117004921071,-222.85722333091897
-114.1389678386242,-223.8005892477803
-114.174326322422,-224.75468213113362
-114.23567721534104,-225.69534878865144
-114.34470166042315,-226.63022429073695
-114.41333903162314,-227.58139730315096
-114.46016340042875,-228.546056014645
-114.54875518392116,-229.47640561726354
-114.59761135364474,-230.3824452634155
-114.64617136581472,-231.3082477754996
-114.71824345878562,-232.2526978990378
-114.79568144809316,-233.15539674643193
-114.80998408919012,-234.0969736900018
-114.89687327211922,-235.02289044424896
-114.94381379556111,-235.9444886082818
-115.0034182438248,-236.87084290665177
-115.04520647231634,-237.81029939426574
-115.0926894211971,-238.72274660140343
-115.10891779599038,-239.68213625993138
-115.12211989295646,-240.61225464624977
-115.00459316615746,-241.53477442577238
-115.04403194219817,-242.46613608068202
-115.07475160555623,-243.39516692888006
-115.10056392568517,-244.30808562752424
-115.11893492164666,-245.23921311078976
-115.17257210258776,-246.1467416344023
-115.18566623355649,-247.06711987752738
-115.20221540409223,-248.00229303872746
-115.23981400819659,-248.92486273836383
-115.25091211537439,-249.86378191176496
-115.28243095223071,-250.79541787005823
-115.22447580996445,-251.7461443694165
-115.2642096447428,-252.65828454975562
-115.23808123583646,-253.55943001312698
-115.25471181506485,-254.47967663147944
-115.29545083845547,-255.38123332810363
-115.44339393935199,-256.2548463743034
-115.31733815203542,-257.1817285975224
-115.18295526319532,-258.1068195731744
-115.09636030674375,-259.01667433635276
-115.09275334880716,-259.93414391321534
-114.82598843779583,-260.8366237979037
-114.86038746353978,-261.7583197581933
-114.88425686118947,-262.67958301749684
-115.04073292063687,-263.5897985130675
-114.91685138518785,-264.48118364870186
-115.01240679783233,-265.37518119763547
-114.76570645425878,-266.2819262717032
-114.42304345921629,-267.17698919285414
-114.42641556031889,-268.0800257017863
-114.45790193567217,-268.9889708623368
-114.48883278635927,-269.92283323804025
-114.44477709753058,-270.81278112790625
-114.312231751879,-271.78491067878997
-114.27273016683414,-272.6818305990303
-114.2190595188261,-273.64064765643496
-114.15445755499603,-274.5576665920924
-114.09156144277588,-275.5179460015081
-114.0857201313407,-276.45785312383003
-114.08965918260652,-277.3450371339556
-114.02520625181283,-278.24398812437136
-113.97623598582467,-279.1386911345234
-113.85980882334785,-279.9972842357703
-113.80241721252175,-280.896945437509
-113.76321488555983,-281.80614054537705
-113.75790814099908,-282.7453262957048
-113.66072693276143,-283.63818113612984
-113.61023513325432,-284.548302508101
-113.54003175068993,-285.44957180913127
-113.51350167207993,-286.3631151111008
-113.48257093534573,-287.2602374352032
-113.48268939396534,-288.17953158158485
-113.53728300019601,-289.0805375350776
-113.4545106971551,-289.99659742647674
-113.43488195099124,-290.9111617723944
-113.37063193187322,-291.8135768516028
-113.30310435403638,-292.73323508393
-113.23482489297326,-293.65835861734496
-113.19410452119448,-294.57146973186263
-113.16100177247715,-295.4942049871177
-113.13457191819833,-296.42809544680193
-113.07204963421609,-297.3358421162689
-112.98474098012132,-298.26273110645343
-112.97833480875939,-299.17929961219903
-112.99530931846313,-300.0990904449603
-112.8272099413993,-301.0033681095873
-112.71316958122199,-301.9081352168643
-112.67211562046381,-302.83023790049236
-112.60601395499552,-303.7549479513058
-112.55698083250508,-304.6784935733754
-112.58304823985556,-305.60631766549943
-112.46628991100961,-306.5223726580104
-112.47255994435007,-307.44773192853654
-111.57915517525169,-307.8479147926727
-111.55955023206937,-308.77502351866997
-111.48902076431663,-309.70723503257415
-111.4381464335941,-310.63255427841887
-111.11188876894957,-311.50436395830803
-110.97340865151564,-312.39645387573364
-110.76227440885505,-313.27935918118794
-110.4450331912765,-314.13457980198433
-110.36671655287584,-315.06691598624917
-110.10691870542442,-315.95785487031986
-110.05151549575004,-316.8695015140076
-109.95566871572895,-317.79395156483076
-109.6811214965831,-318.6612917405308
-109.0658103293921,-319.3798620683584
-108.80231527343466,-320.2567179757389
-108.59390499691966,-321.1539467979673
-108.28991358944025,-321.9975769717578
-108.02093824292002,-322.8807397520152
-107.92118971391461,-323.80083388681544
-107.71279899189659,-324.6871598899421
-107.52668637837566,-325.5698139015363
-107.33972830059504,-326.47033318626075
-107.0450363548994,-327.322243628285
-106.88813418607484,-328.2042633432595
-106.92160525753954,-329.1553479703848
-106.71749628304177,-330.0470362985144
-106.69208601909496,-330.978459492313
-106.53590095799201,-331.89976899211996
-106.38510354104318,-332.7832265710441
-106.19398319894356,-333.6828378749938
-105.72729304522484,-334.47434065775053
-105.50202964678489,-335.3604433290604
-105.18394261940787,-336.228758925547
-105.12630892614551,-337.16162529139365
-104.94386066902095,-338.08471128144384
-104.90021196532945,-339.00023145152875
-104.97506291447756,-339.91068438146016
-104.93099220867062,-340.82398617372854
-104.6806234520136,-341.7092884092963
-104.33790521653418,-342.57023497651204
-103.98183430669508,-343.43502357080985
-103.90451730750193,-344.3276450368122
-103.65176892141103,-345.21502838729583
-103.53516801851161,-346.099587659135
-103.26956179918908,-346.9660662882355
-103.09007223254252,-347.860149509671
-102.95056245345046,-348.7333916812808
-102.07589706680916,-349.2173898847325
-102.06835927943969,-350.07044006126586
-101.64822010581089,-350.8916733560209
-101.37974371350558,-351.74711178280927
-101.11173959045496,-352.6096417233532
-100.67522829165533,-353.42662807815725
-100.53911158821731,-354.30921953474814
-100.41989162773078,-355.2162791898706
-100.10221988913514,-356.0623123206415
-99.72397679805754,-356.90609149738793
-99.65683915777984,-357.8012239762032
-99.24721985450479,-358.63884729933807
-98.88991472643225,-359.48536736094366
-98.47862179363558,-360.30573983857806
-98.23335352816397,-361.1799791993232
-97.96960006613254,-362.04398123182796
-97.69912417028613,-362.9076455113637
-96.9773261093851,-363.56732109317073
-96.60204071149299,-364.3755499849005
-95.75239625156627,-364.42606843696444
-94.93463557711085,-364.507010851061
-94.34220094602476,-365.2934200696356
-93.51132111979092,-365.6361201047142
-93.62876932023809,-366.58734474737014
-93.46061825675963,-367.50985824983724
-92.53533422131358,-367.7146927095142
-91.71510828759857,-368.1160814376051
-90.74579649074315,-368.3017556068511
-89.89138116970484,-368.6835672423909
-89.1273724858056,-369.21514691637293
-88.77133758285596,-370.0628943516548
-87.7805529125831,-370.15778395547375
-87.28552086729005,-370.9166517754473
-86.74807169635325,-371.6772401561939
-86.04244775929389,-372.31303107382195
-85.45668404045385,-373.0881286690823
-84.59696114884636,-373.44881693999565
-83.94436851342688,-374.09811134021044
-83.35545597672291,-374.7860970188757
-82.96916000684156,-375.6340329442982
-82.5866077226081,-376.47602328632075
-81.80975824615248,-376.98830984163317
-81.51301405858506,-377.86128431270345
-80.84876738055904,-378.54195809193055
-80.86776639366036,-379.5100637340286
-80.166008492572,-380.10786689663263
-79.49150866202518,-380.78445279864013
-79.0049132364102,-381.5635042641132
-78.353269756391,-382.2976940501191
-77.82241852114413,-383.05866138209643
-77.10614337282291,-383.62568155739837
-76.44015844845582,-384.32082347038994
-75.92879554257561,-385.10084309188755
-75.22512816653793,-385.7165863395817
-74.59490953351485,-386.45058105641823
-73.8912628814455,-387.1132212881964
-72.9774685821593,-387.5187332452904
-72.47747893094807,-388.2868856867483
-72.01334607940029,-389.08901339429485
-71.01384425083143,-389.0662650586436
-70.22762307417781,-389.6273794282773
-69.68723694176549,-390.41276460123237
-68.69985766646249,-390.5153687976632
-67.9884803250446,-391.1007984272492
-67.05211360139538,-391.4103596543506
-66.52108851106472,-392.17967552597827
-65.91882012599152,-392.8991053186605
-64.92821743834408,-393.02629901579604
-64.28808489607582,-393.6924223372973
-63.60429546647566,-394.33296682346344
-62.62237133355142,-394.46522057023327
-61.63447989591582,-394.3287310314522
-60.82310362664017,-394.86248321170496
-60.110586600728965,-395.46646593114707
-59.40483103725277,-396.1006656417066
-58.72134073318732,-396.74298217890316
-57.94434133362251,-397.27022753218927
-57.25624625002303,-397.9076469034781
-56.51618408716941,-398.48674611467504
-55.83830923135996,-399.1382399045485
-55.18791715562592,-399.7714678613606
-54.480209320547964,-400.3954703244718
-53.754651975427215,-400.9753895514884
-53.06606589077732,-401.6202710994879
-52.348898277760654,-402.22182769920386
-51.65135875408997,-402.8581874076076
-50.95885827137066,-403.4416734998179
-50.196584270576246,-403.99890232621743
-49.51315569940629,-404.630511770606
-48.78517317747194,-405.22282953136863
-48.06150417362593,-405.81000749147717
-47.32072153405903,-406.3898902377975
-46.55053201322894,-406.9358364897598
